headline,link,image,category
CM Bhagwant Mann dances at passing out parade of constables in Punjab's Jalandhar,https://timesofindia.indiatimes.com/videos/toi-original/cm-bhagwant-mann-dances-at-passing-out-parade-of-constables-in-punjabs-jalandhar/videoshow/103913859.cms,https://static.toiimg.com/photo/msid-25581306/25581306.jpg,india
CM Bhagwant Mann dances at passing out parade of constables in Punjab's Jalandhar,https://timesofindia.indiatimes.com/videos/toi-original/cm-bhagwant-mann-dances-at-passing-out-parade-of-constables-in-punjabs-jalandhar/videoshow/103913859.cms,https://static.toiimg.com/photo/msid-25581306/25581306.jpg,india
"India beat Australia by 99 runs, take 2-0 unassailable lead",https://timesofindia.indiatimes.com/videos/toi-original/india-beat-australia-by-99-runs-take-2-0-unassailable-lead/videoshow/103913069.cms,https://static.toiimg.com/photo/msid-25581306/25581306.jpg,india
"Danish Ali denies BJP MP's allegations, claims narrative being set for his 'lynching'",https://timesofindia.indiatimes.com/videos/toi-original/danish-ali-denies-bjp-mps-allegations-claims-narrative-being-set-for-his-lynching/videoshow/103912271.cms,https://static.toiimg.com/photo/msid-25581306/25581306.jpg,india
Viral video: Major brawl at a Delhi store over delay in iPhone15 supply,https://timesofindia.indiatimes.com/videos/viral-videos/viral-video-major-brawl-at-a-delhi-store-over-delay-in-iphone15-supply/videoshow/103910809.cms,https://static.toiimg.com/photo/msid-25581306/25581306.jpg,india
Building in Uttarakhand's Nainital collapses sparking panic as it falls like a pack of cards,https://timesofindia.indiatimes.com/videos/toi-original/building-in-uttarakhands-nainital-collapses-sparking-panic-as-it-falls-like-a-pack-of-cards/videoshow/103909981.cms,https://static.toiimg.com/photo/msid-25581306/25581306.jpg,india
Mann Ki Baat: Why did PM Modi mention German singer Cassandra Mae Spittmann in the 105th episode?,https://timesofindia.indiatimes.com/videos/toi-original/mann-ki-baat-why-did-pm-modi-mention-german-singer-cassandra-mae-spittmann-in-the-105th-episode/videoshow/103911457.cms,https://static.toiimg.com/photo/msid-25581306/25581306.jpg,india
'You seem to be alone': Canada PM Justin Trudeau faces cold reality as he takes on India,https://timesofindia.indiatimes.com/india/you-seem-to-be-alone-canada-pm-justin-trudeau-faces-cold-reality-as-he-takes-on-india/articleshow/103928034.cms,"https://static.toiimg.com/thumb/imgsize-29736,msid-103929463,width-600,resizemode-4/103929463.jpg",india
Cauvery issue: Deve Gowda urges Modi to set up external agency to study reservoirs in Cauvery basin,https://timesofindia.indiatimes.com/india/cauvery-issue-deve-gowda-urges-modi-to-set-up-external-agency-to-study-reservoirs-in-cauvery-basin/articleshow/103929026.cms,"https://static.toiimg.com/thumb/imgsize-36716,msid-103929435,width-600,resizemode-4/103929435.jpg",india
Spain proud to see C-295 transport aircraft in India: Ambassador Jose Maria Ridao,https://timesofindia.indiatimes.com/india/spain-proud-to-see-c-295-transport-aircraft-in-india-ambassador-jose-maria-ridao/articleshow/103927621.cms,"https://static.toiimg.com/thumb/imgsize-22480,msid-103928816,width-600,resizemode-4/103928816.jpg",india
Indian-American democrat leader racially targeted in US,https://timesofindia.indiatimes.com/india/indian-american-democrat-leader-racially-targeted-in-us/articleshow/103928266.cms,"https://static.toiimg.com/thumb/imgsize-135160,msid-103928161,width-600,resizemode-4/103928161.jpg",india
"BJP unwilling to implement Women's Reservation bill, wants to use it as poll gimmick: Congress",https://timesofindia.indiatimes.com/india/bjp-unwilling-to-implement-womens-reservation-bill-wants-to-use-it-as-poll-gimmick-congress/articleshow/103928075.cms,"https://static.toiimg.com/thumb/imgsize-123456,msid-78553754,width-600,resizemode-4/78553754.jpg",india
"Madhya Pradesh: 'Congress has been busy glorifying one family, nourishing corrupt system…'says  PM Modi",https://timesofindia.indiatimes.com/india/madhya-pradesh-assembly-elections-congress-has-been-busy-glorifying-one-family-nourishing-corrupt-system-pm-modi/articleshow/103927747.cms,"https://static.toiimg.com/thumb/imgsize-19036,msid-103927741,width-600,resizemode-4/103927741.jpg",india
Canada's defence minister Bill Blair describes relationship with India 'important'; says his country will continue to pursue partnerships like Indo-Pacific strategy,https://timesofindia.indiatimes.com/india/canadas-defence-minister-describes-relationship-with-india-important-says-his-country-will-continue-to-pursue-partnerships-like-indo-pacific-strategy/articleshow/103914278.cms,"https://static.toiimg.com/thumb/imgsize-72364,msid-103914278,width-600,resizemode-4/103914278.jpg",india
Canada's defence minister Bill Blair describes relationship with India 'important'; says his country will continue to pursue partnerships like Indo-Pacific strategy,https://timesofindia.indiatimes.com/india/canadas-defence-minister-describes-relationship-with-india-important-says-his-country-will-continue-to-pursue-partnerships-like-indo-pacific-strategy/articleshow/103914278.cms,"https://static.toiimg.com/thumb/imgsize-72364,msid-103914278,width-600,resizemode-4/103914278.jpg",india
‘US intel gave context that helped Canada link India to Hardeep Singh Nijjar case’: Report,https://timesofindia.indiatimes.com/india/us-intel-gave-context-that-helped-canada-link-india-to-hardeep-singh-nijjar-case-report/articleshow/103914378.cms,"https://static.toiimg.com/thumb/imgsize-158552,msid-103914378,width-600,resizemode-4/103914378.jpg",india
US intel triggered Trudeau allegation against India,https://timesofindia.indiatimes.com/india/us-intel-triggered-trudeau-allegation-against-india/articleshow/103910864.cms,"https://static.toiimg.com/thumb/imgsize-47658,msid-103910864,width-600,resizemode-4/103910864.jpg",india
"Chandrayaan-3: No signal from Vikram & Pragyan yet, can wait entire lunar day (14 Earth days), says Isro chief",https://timesofindia.indiatimes.com/india/chandrayaan-3-no-signal-from-vikram-pragyan-yet-can-wait-entire-lunar-day-says-isro-chief/articleshow/103892424.cms,"https://static.toiimg.com/thumb/imgsize-36474,msid-103892424,width-600,resizemode-4/103892424.jpg",india
"Don't pack bags yet, plan session for next fall: Canada universities to students",https://timesofindia.indiatimes.com/india/dont-pack-bags-yet-plan-session-for-next-fall-canada-universities-to-students/articleshow/103849735.cms,"https://static.toiimg.com/thumb/imgsize-568365,msid-103849735,width-600,resizemode-4/103849735.jpg",india
'Kulhad Pizza' couple seek public support amid viral video controversy,https://timesofindia.indiatimes.com/india/khulhad-pizza-couple-seek-public-support-amid-viral-video-controversy/articleshow/103893836.cms,"https://static.toiimg.com/thumb/imgsize-802736,msid-103893836,width-80,resizemode-4/103893836.jpg",india
"With house-hunters in upgrade mode, supply of 1 BHK shrinks in Mumbai metropolitan region",https://timesofindia.indiatimes.com/city/mumbai/with-house-hunters-in-upgrade-mode-supply-of-1-bhk-shrinks-in-mumbai-metropolitan-region/articleshow/103914735.cms,"https://static.toiimg.com/thumb/imgsize-1159987,msid-103914735,width-80,resizemode-4/103914735.jpg",india
It’s not the end of Chandrayaan-3 story as lots of data to be processed: Ex-Isro chief K Sivan,https://timesofindia.indiatimes.com/india/its-not-the-end-of-chandrayaan-3-story-as-lots-of-data-to-be-processed-ex-isro-chief-k-sivan/articleshow/103897723.cms,"https://static.toiimg.com/thumb/imgsize-30510,msid-103897723,width-80,resizemode-4/103897723.jpg",india
Declare Joshimath a ‘no new-construction zone’: Central institutes,https://timesofindia.indiatimes.com/city/dehradun/declare-joshimath-a-no-new-construction-zone-central-institutes/articleshow/103914607.cms,"https://static.toiimg.com/thumb/imgsize-1933804,msid-103914607,width-80,resizemode-4/103914607.jpg",india
"Madhya Pradesh: 'Congress has been busy glorifying one family, nourishing corrupt system…'says  PM Modi",https://timesofindia.indiatimes.com/india/madhya-pradesh-assembly-elections-congress-has-been-busy-glorifying-one-family-nourishing-corrupt-system-pm-modi/articleshow/103927747.cms,"https://static.toiimg.com/thumb/imgsize-19036,msid-103927741,width-600,resizemode-4/103927741.jpg",india
"Muzaffarnagar school slapgate: Supreme Court asks UP to appoint senior IPS officer to probe case, slams govt for 'failure'",https://timesofindia.indiatimes.com/india/student-slapping-case-supreme-court-asks-up-govt-to-appoint-senior-ips-officer-to-investigate-case/articleshow/103926286.cms,"https://static.toiimg.com/thumb/imgsize-88396,msid-103926278,width-600,resizemode-4/103926278.jpg",india
PM Modi says Congress will make Madhya Pradesh 'bimaaru' if voted to power,https://timesofindia.indiatimes.com/india/congress-will-make-madhya-pradesh-bimaaru-if-voted-to-power-says-pm-modi/articleshow/103925904.cms,"https://static.toiimg.com/thumb/imgsize-499635,msid-103926199,width-600,resizemode-4/103926199.jpg",india
Supreme Court asks Chandrababu Naidu’s lawyer to mention his plea to quash FIR tomorrow,https://timesofindia.indiatimes.com/india/supreme-court-asks-chandrababu-naidus-lawyer-to-mention-his-plea-to-quash-fir-tomorrow/articleshow/103926184.cms,"https://static.toiimg.com/thumb/imgsize-660417,msid-103926174,width-600,resizemode-4/103926174.jpg",india
Defence minister Rajnath Singh inaugurates Bharat Drone Shakti show at Hindon airbase,https://timesofindia.indiatimes.com/india/defence-minister-rajnath-singh-inaugurates-bharat-drone-shakti-show-at-hindon-airbase/articleshow/103925312.cms,"https://static.toiimg.com/thumb/imgsize-558753,msid-103925734,width-600,resizemode-4/103925734.jpg",india
Why Khalistan has support in Canada and not in Punjab,https://timesofindia.indiatimes.com/india/khalistan-why-a-lost-cause-in-india-finds-resonance-in-canada/articleshow/103908149.cms,"https://static.toiimg.com/thumb/imgsize-20270,msid-103908549,width-600,resizemode-4/103908549.jpg",india
What rich people do to themselves to slow down the biological clock,https://timesofindia.indiatimes.com/india/what-rich-people-do-to-themselves-to-slow-down-the-biological-clock/articleshow/103922607.cms,"https://static.toiimg.com/thumb/imgsize-132626,msid-103922710,width-600,resizemode-4/103922710.jpg",india
"Ahead of PM's Bhopal visit, Uma Bharti raises demand for OBC quota within women's reservation bill",https://timesofindia.indiatimes.com/india/ahead-of-pms-bhopal-visit-uma-bharti-raises-demand-for-obc-quota-within-womens-reservation-bill/articleshow/103921761.cms,"https://static.toiimg.com/thumb/imgsize-1022845,msid-103921919,width-600,resizemode-4/103921919.jpg",india
'Trudeau's days numbered so Khalistanis are eager to cash in',https://timesofindia.indiatimes.com/india/trudeaus-emerged-as-an-isolated-western-leader-without-any-global-clout-perception-of-sikh-separatists-is-negative/articleshow/103910957.cms,"https://static.toiimg.com/thumb/imgsize-89600,msid-103911099,width-600,resizemode-4/103911099.jpg",india
What India and Canada have to lose in Trudeau-Modi spat,https://timesofindia.indiatimes.com/india/what-india-and-canada-have-to-lose-in-trudeau-modi-spat/articleshow/103902099.cms,"https://static.toiimg.com/thumb/imgsize-43110,msid-103902748,width-600,resizemode-4/103902748.jpg",india
No fullstop for the other half,https://timesofindia.indiatimes.com/india/no-fullstop-for-the-other-half/articleshow/103911063.cms,"https://static.toiimg.com/thumb/imgsize-290638,msid-103911051,width-600,resizemode-4/103911051.jpg",india
"Defence Minister Rajnath Singh to inaugurate Bharat Drone Shakti exhibition today, induct C-295 Aircraft into IAF",https://timesofindia.indiatimes.com/india/defence-minister-rajnath-singh-to-inaugurate-bharat-drone-shakti-exhibition-today-induct-c-295-aircraft-into-iaf/articleshow/103920128.cms,"https://static.toiimg.com/thumb/imgsize-24540,msid-103920258,width-600,resizemode-4/103920258.jpg",india
"India's journey towards SDGs serves as inspiring example of determination, ingenuity: UN ambassador Kamboj",https://timesofindia.indiatimes.com/india/indias-journey-towards-sdgs-serves-as-inspiring-example-of-determination-ingenuity-un-ambassador-kamboj/articleshow/103919775.cms,"https://static.toiimg.com/thumb/imgsize-492464,msid-103927443,width-600,resizemode-4/103927443.jpg",india
EAM Jaishankar holds bilateral meetings with global counterparts on UNGA sidelines,https://timesofindia.indiatimes.com/india/eam-jaishankar-holds-bilateral-meetings-with-global-counterparts-on-unga-sidelines/articleshow/103919757.cms,"https://static.toiimg.com/thumb/imgsize-41612,msid-103919932,width-600,resizemode-4/103919932.jpg",india
Rajnath Singh inducts C-295 transport aircraft into IAF,https://timesofindia.indiatimes.com/india/rajnath-singh-c-295-transport-aircraft-induction-iaf/articleshow/103919472.cms,"https://static.toiimg.com/thumb/imgsize-10576,msid-103919893,width-600,resizemode-4/103919893.jpg",india
What a gunbattle with militants tells us about Naya Kashmir,https://timesofindia.indiatimes.com/india/the-lessons-from-naya-kashmirs-fiercest-and-longest-gun-battle/articleshow/103900717.cms,"https://static.toiimg.com/thumb/imgsize-46694,msid-103900731,width-600,resizemode-4/103900731.jpg",india
Explainer: What did Five Eyes share with Canada?,https://timesofindia.indiatimes.com/india/explainer-what-did-five-eyes-share-with-canada/articleshow/103919575.cms,"https://static.toiimg.com/thumb/imgsize-37012,msid-103919565,width-600,resizemode-4/103919565.jpg",india
Congress to hold press conferences in 21 cities to 'expose' govt on women's reservation,https://timesofindia.indiatimes.com/india/congress-to-hold-press-conferences-in-21-cities-to-expose-govt-on-womens-reservation/articleshow/103919051.cms,"https://static.toiimg.com/thumb/imgsize-61008,msid-103919498,width-600,resizemode-4/103919498.jpg",india
Rahul Gandhi to launch rural housing scheme in Chhattisgarh,https://timesofindia.indiatimes.com/india/rahul-gandhi-to-launch-rural-housing-scheme-in-chhattisgarh-today/articleshow/103919199.cms,"https://static.toiimg.com/thumb/imgsize-2559237,msid-103919492,width-600,resizemode-4/103919492.jpg",india
"Canadian defence minister urges India, Canada to start taking, find a common ground",https://timesofindia.indiatimes.com/india/canadian-defence-minister-urges-india-canada-to-start-taking-find-a-common-ground/articleshow/103919487.cms,"https://static.toiimg.com/thumb/imgsize-29112,msid-103919210,width-600,resizemode-4/103919210.jpg",india
Asaduddin Owaisi challenges Rahul Gandhi to contest elections from Hyderabad,https://timesofindia.indiatimes.com/india/asaduddin-owaisi-challenges-rahul-gandhi-to-contest-elections-from-hyderabad/articleshow/103918849.cms,"https://static.toiimg.com/thumb/imgsize-46612,msid-103919049,width-600,resizemode-4/103919049.jpg",india
PM Modi to address mega meet of BJP workers in Bhopal,https://timesofindia.indiatimes.com/india/pm-modi-to-address-mega-meet-of-bjp-workers-in-bhopal/articleshow/103918765.cms,"https://static.toiimg.com/thumb/imgsize-1086225,msid-103918916,width-600,resizemode-4/103918916.jpg",india
"Ex-CM Chandrababu Naidu moves SC, seeks quashing of FIR",https://timesofindia.indiatimes.com/india/ex-cm-chandrababu-naidu-moves-sc-seeks-quashing-of-fir/articleshow/103918144.cms,"https://static.toiimg.com/thumb/imgsize-53524,msid-103918266,width-600,resizemode-4/103918266.jpg",india
"UP govt employee sells pension files as scrap, uses money for booze",https://timesofindia.indiatimes.com/india/up-govt-employee-sells-pension-files-as-scrap-uses-money-for-booze/articleshow/103917127.cms,"https://static.toiimg.com/thumb/imgsize-123456,msid-78553754,width-600,resizemode-4/78553754.jpg",india
"Asian Games live: Women's cricket team beats Sri Lanka, wins second gold for India",https://timesofindia.indiatimes.com/sports/asian-games-2023/live-updates-of-asian-games-2023-day-2-shooting-wushu-artistic-gymnastics-tennis-judo-swimming-rowing-cricket-boxing-basketball-chess/liveblog/103916023.cms,"https://static.toiimg.com/thumb/imgsize-74262,msid-103916023,width-600,resizemode-4/103916023.jpg",
"INDIA equation in MP polls: SP, AAP make a noise; Cong quiet",https://timesofindia.indiatimes.com/city/bhopal/the-india-bloc-equation-in-mp-election-sp-aap-make-a-noise-congress-quiet-in-friendly-fight/articleshow/103918004.cms,https://static.toiimg.com/photo/msid-25581306/25581306.jpg,
Unlocking power of people strategy & business transformation,https://timesofindia.indiatimes.com/business/india-business/unlocking-the-power-of-people-strategy-and-business-transformation-a-rare-opportunity-for-business-leadership/articleshow/103857510.cms,https://static.toiimg.com/photo/msid-25581306/25581306.jpg,
"Addictive medicine, overdose deaths add to Punjab's miseries",https://timesofindia.indiatimes.com/city/chandigarh/punjabs-vicious-cycle-addictive-medicine-overdose-deaths-add-to-states-miseries/articleshow/103924525.cms,https://static.toiimg.com/photo/msid-25581306/25581306.jpg,
"Cong will make MP 'Bimaru', if voted to power, says PM Modi",https://timesofindia.indiatimes.com/india/congress-will-make-madhya-pradesh-bimaaru-if-voted-to-power-says-pm-modi/articleshow/103925904.cms,https://static.toiimg.com/photo/msid-25581306/25581306.jpg,
Indian women's cricket team wins gold on debut at Asian Games,https://timesofindia.indiatimes.com/sports/asian-games-2023/asian-games-indian-womens-cricket-team-wins-gold-in-their-maiden-appearance-at-the-games/articleshow/103929999.cms,https://static.toiimg.com/photo/msid-25581306/25581306.jpg,
UP: Man dies by suicide in BJP MLA's flat in Lucknow,https://timesofindia.indiatimes.com/city/lucknow/man-dies-by-suicide-in-bjp-mlas-flat-in-lucknow-after-argument-with-girlfriend/articleshow/103928557.cms,https://static.toiimg.com/photo/msid-25581306/25581306.jpg,
Skill Development scam: CID seeks further custody of Chandrababu Naidu,https://timesofindia.indiatimes.com/city/vijayawada/andhra-pradesh-cid-seeks-further-custody-of-chandrababu-naidu-in-skill-development-scam/articleshow/103929511.cms,https://static.toiimg.com/photo/msid-25581306/25581306.jpg,
How Europe is running out of ammunition that Ukraine needs,https://timesofindia.indiatimes.com/world/europe-made-a-bold-pledge-of-ammunition-for-ukraine-now-comes-the-hard-part/articleshow/103906109.cms,https://static.toiimg.com/photo/msid-25581306/25581306.jpg,
A whirlwind trip across the American South,https://timesofindia.indiatimes.com/travel/stories/a-whirlwind-trip-across-the-american-south/articleshow/74911088.cms,https://static.toiimg.com/photo/msid-25581306/25581306.jpg,
Shopping: Live Now! Grab sale prices on TVs - Up to 60% Off,https://timesofindia.indiatimes.com/amazon-bestsellers,https://static.toiimg.com/photo/msid-25581306/25581306.jpg,
Tantalising Texas—travel inside a cowboy's dream,https://timesofindia.indiatimes.com/travel/stories/tantalising-texastravel-inside-a-cowboys-dream/articleshow/74843457.cms,https://static.toiimg.com/photo/msid-25581306/25581306.jpg,
Watch: Trudeau’s own MP says Hindus afraid of living in Canada,https://youtu.be/DNYuhoy1u_E,https://static.toiimg.com/photo/msid-25581306/25581306.jpg,
9 features of iPhone 15 series that are first-ever in smartphones,https://www.gadgetsnow.com/slideshows/9-features-of-iphone-15-series-that-are-first-ever-in-smartphones/photolist/103913862.cms,https://static.toiimg.com/photo/msid-25581306/25581306.jpg,
"UP school slap case: Appoint senior IPS officer, says SC",https://timesofindia.indiatimes.com/india/student-slapping-case-supreme-court-asks-up-govt-to-appoint-senior-ips-officer-to-investigate-case/articleshow/103926286.cms,https://static.toiimg.com/photo/msid-25581306/25581306.jpg,
"Laptop ban: New deadline, what changes from November and more",https://www.gadgetsnow.com/tech-news/laptop-ban-new-deadline-what-changes-from-november-and-more/articleshow/103917467.cms,https://static.toiimg.com/photo/msid-25581306/25581306.jpg,
China’s ‘batwoman’ warns about another corona-type outbreak,https://timesofindia.indiatimes.com/world/china/highly-risky-chinas-batwoman-warns-about-another-coronavirus-type-outbreak/articleshow/103929295.cms,https://static.toiimg.com/photo/msid-25581306/25581306.jpg,
From 700-plus in 2017 to 250 in 2023: Why 450 companies exited from the global smartphone market,https://www.gadgetsnow.com/tech-news/from-700-plus-in-2017-to-250-in-2023-what-led-to-the-exit-of-450-companies-from-the-global-smartphone-market/articleshow/103921634.cms,https://static.toiimg.com/photo/msid-25581306/25581306.jpg,
Not cruelty if wife sells property sans hubby nod: HC,https://timesofindia.indiatimes.com/city/kolkata/not-cruelty-if-wife-sells-property-sans-hubby-nod/articleshow/103916795.cms,https://static.toiimg.com/photo/msid-25581306/25581306.jpg,
Crackdown against PFI: ED raids multiple locations in Kerala,https://timesofindia.indiatimes.com/city/kochi/crackdown-against-pfi-ed-raids-multiple-locations-in-kerala/articleshow/103923114.cms,https://static.toiimg.com/photo/msid-25581306/25581306.jpg,
Pratyusha Banerjee suicide case: Rahul Raj Singh says he is ready to face the trial,https://timesofindia.indiatimes.com/tv/news/hindi/pratyusha-banerjee-suicide-case-rahul-raj-singh-says-he-is-ready-to-face-the-trial-and-the-actresss-father-is-certain-that-truth-will-prevail/articleshow/103920615.cms,https://static.toiimg.com/photo/msid-25581306/25581306.jpg,
How Tamil Nadu can fly high on wind power,https://timesofindia.indiatimes.com/city/chennai/how-tn-can-fly-high-on-wind-power/articleshow/103921731.cms,https://static.toiimg.com/photo/msid-25581306/25581306.jpg,
"Congress will make Madhya Pradesh 'bimaaru', if voted to power, says PM Modi",https://timesofindia.indiatimes.com/videos/news/congress-will-make-madhya-pradesh-bimaaru-if-voted-to-power-says-pm-modi/videoshow/103927906.cms,https://static.toiimg.com/photo/msid-25581306/25581306.jpg,
Then and Now! Nayanthara looks unrecognisable,https://timesofindia.indiatimes.com/videos/etimes/bollywood/nayanthara-looks-unrecognisable-in-this-old-video-from-her-tv-anchoring-days-netizen-says-money-changes-everything/videoshow/103925160.cms,https://static.toiimg.com/photo/msid-25581306/25581306.jpg,
"I'm an actor, not a man's pin-up: Amy Jackson on trolls",https://timesofindia.indiatimes.com/videos/etimes/bollywood/amy-jackson-lashes-out-at-trolls-for-mocking-her-transformation-and-calling-it-ugly-says-the-moment-a-woman-does-it-/videoshow/103928344.cms,https://static.toiimg.com/photo/msid-25581306/25581306.jpg,
India breaks world record at Asian Games 2023: Watch India's medal tally and the winners,https://timesofindia.indiatimes.com/videos/toi-original/india-breaks-world-record-at-asian-games-2023-watch-indias-medal-tally-and-the-winners/videoshow/103927148.cms,https://static.toiimg.com/photo/msid-25581306/25581306.jpg,
"Watch: Massive 'Sanatan' protests rock Delhi, right wing groups hold protest against Udhaynidhi",https://timesofindia.indiatimes.com/videos/news/watch-massive-sanatan-protests-rock-delhi-right-wing-groups-hold-protest-against-udhaynidhi/videoshow/103925108.cms,https://static.toiimg.com/photo/msid-25581306/25581306.jpg,
Top Indian wear collection for men @ Myntra's BFF!,https://timesofindia.indiatimes.com/spotlight/your-guide-to-the-top-premium-indian-wear-collection-for-men-at-myntras-big-fashion-festival/articleshow/103872478.cms,https://static.toiimg.com/photo/msid-25581306/25581306.jpg,
Meet Dubai's inspiring women investors,https://timesofindia.indiatimes.com/spotlight/investment-trailblazers-meet-the-inspiring-women-investors-who-drive-the-dubai-and-mena-investment-ecosystem/articleshow/103857005.cms,https://static.toiimg.com/photo/msid-25581306/25581306.jpg,
Breaking: India strikes shooting Gold and rows to double Bronze triumph on Day 2 of Asian Games,https://timesofindia.indiatimes.com/videos/toi-original/breaking-india-strikes-shooting-gold-and-rows-to-double-bronze-triumph-on-day-2-of-asian-games/videoshow/103919318.cms,https://static.toiimg.com/photo/msid-25581306/25581306.jpg,
"2024 Kia Sonet facelift spied with Seltos-inspired tail lights, alloy wheels and more",https://timesofindia.indiatimes.com/auto/cars/2024-kia-sonet-facelift-spied-with-seltos-inspired-tail-lights-alloy-wheels-and-more/articleshow/103926485.cms,https://static.toiimg.com/photo/msid-25581306/25581306.jpg,
India Canada Diplomatic Relations: What will happen with Canadian Hindus? | India Canada News,https://youtu.be/DNYuhoy1u_E,https://static.toiimg.com/photo/msid-25581306/25581306.jpg,
Priyanka gives Parineeti-Raghav marriage tips,https://timesofindia.indiatimes.com/entertainment/hindi/bollywood/news/priyanka-chopra-gives-newlyweds-parineeti-chopra-and-raghav-chadha-marriage-tips-protect-this-beautiful-love/articleshow/103928338.cms,https://static.toiimg.com/photo/msid-25581306/25581306.jpg,
Questioning Pari for mangalsutra is negativity,https://timesofindia.indiatimes.com/entertainment/hindi/bollywood/news/etimes-troll-slayer-questioning-newlywed-parineeti-chopra-about-mangalsutra-and-sindoor-is-horrible-negativity/articleshow/103929076.cms,https://static.toiimg.com/photo/msid-25581306/25581306.jpg,
FIRST PICS! Parineeti-Raghav look resplendent,https://timesofindia.indiatimes.com/entertainment/hindi/bollywood/news/first-pics-parineeti-chopra-and-raghav-chadha-look-resplendent-as-a-married-couple/articleshow/103909780.cms,https://static.toiimg.com/photo/msid-25581306/25581306.jpg,
Celebs at CM Shinde's Ganpati Darshan,https://timesofindia.indiatimes.com/entertainment/hindi/web-stories/shah-rukh-khan-to-salman-khan-bollywood-celebs-at-cm-shindes-ganpati-darshan/photostory/103926779.cms,https://static.toiimg.com/photo/msid-25581306/25581306.jpg,
Shaheer: I haven’t been approached for Yeh Rishta...,https://timesofindia.indiatimes.com/tv/news/hindi/shaheer-sheikh-i-havent-been-approached-for-yeh-rishta-kya-kehlata-hai/articleshow/103929176.cms,https://static.toiimg.com/photo/msid-25581306/25581306.jpg,
Parineeti-Raghav's wedding pics,https://photogallery.indiatimes.com/celebs/bollywood/parineeti-chopra-and-raghav-chadha-share-stunning-first-wedding-pictures/articleshow/103910498.cms,https://static.toiimg.com/photo/msid-25581306/25581306.jpg,
RaghNeeti's reception look go viral,https://photogallery.indiatimes.com/celebs/bollywood/parineeti-chopra-and-raghav-chadhas-wedding-reception-look-goes-viral-see-pictures-of-the-newly-married-couple/articleshow/103922238.cms,https://static.toiimg.com/photo/msid-25581306/25581306.jpg,
RaghNeeti's sangeet pictures out,https://photogallery.indiatimes.com/celebs/bollywood/parineeti-chopra-and-raghav-chadhas-sangeet-pictures-out-bride-to-be-dazzles-in-shimmery-co-ord-set/articleshow/103905199.cms,https://static.toiimg.com/photo/msid-25581306/25581306.jpg,
Astrology vs Horoscope: Difference,https://photogallery.indiatimes.com/web-stories/astrology-vs-horoscope-understanding-the-crucial-difference/photostory/103925450.cms,https://static.toiimg.com/photo/msid-25581306/25581306.jpg,
Ananya Panday's girls' day out,https://photogallery.indiatimes.com/celebs/bollywood/ananya-panday-enjoys-fun-filled-girls-day-out-with-suhana-khan-and-shanaya-kapoor/articleshow/103926938.cms,https://static.toiimg.com/photo/msid-25581306/25581306.jpg,
Ganesh Visarjan significance,https://photogallery.indiatimes.com/web-stories/anant-chaturdashi-2023-know-significance-and-rituals-of-ganesh-visarjan/photostory/103926532.cms,https://static.toiimg.com/photo/msid-25581306/25581306.jpg,
Foods that worsen IBS symptoms,https://photogallery.indiatimes.com/web-stories/foods-that-worsen-ibs-symptoms/photostory/103903862.cms,https://static.toiimg.com/photo/msid-25581306/25581306.jpg,
Asian Games opening ceremony,https://photogallery.indiatimes.com/sports/other-sports/asian-games-2023-opening-ceremony-harmanpreet-singh-and-lovlina-borgohain-lead-indian-contingent-see-pictures/articleshow/103907945.cms,https://static.toiimg.com/photo/msid-25581306/25581306.jpg,
Inspirational Ikigai quotes to motivate,https://photogallery.indiatimes.com/web-stories/10-inspirational-ikigai-quotes-to-motivate-you-every-day/photostory/103893123.cms,https://static.toiimg.com/photo/msid-25581306/25581306.jpg,
NASA brings back samples from Bennu asteroid,https://timesofindia.indiatimes.com/etimes/trending/nasa-brings-back-samples-from-bennu-asteroid/articleshow/103927653.cms,https://static.toiimg.com/photo/msid-25581306/25581306.jpg,
Heartwarming! Five-year-old girl from Tripura donates hair to a cancer patient,https://timesofindia.indiatimes.com/etimes/trending/heartwarming-five-year-old-girl-from-tripura-donates-hair-to-a-cancer-patient/articleshow/103925132.cms,https://static.toiimg.com/photo/msid-25581306/25581306.jpg,
"Hundreds of people gather together to bark at each other in Berlin, here's why",https://timesofindia.indiatimes.com/etimes/trending/hundreds-of-people-gather-together-to-bark-at-each-other-in-berlin-heres-why/articleshow/103894879.cms,https://static.toiimg.com/photo/msid-25581306/25581306.jpg,
"SRK reacts to the ""Baap Se Baat Kar"" spoof video from the movie 'Jawaan'",https://timesofindia.indiatimes.com/etimes/trending/srk-reacts-to-the-baap-se-baat-kar-scene-from-the-movie-jawaan/articleshow/103894250.cms,https://static.toiimg.com/photo/msid-25581306/25581306.jpg,
"Sudha Murty talks to fellow travellers at an airport, netizens applaud her for her humility",https://timesofindia.indiatimes.com/etimes/trending/netizens-applaud-sudha-murthy-for-her-humility/articleshow/103894101.cms,https://static.toiimg.com/photo/msid-25581306/25581306.jpg,
Will the world end on September 23? Why there’s so much buzz about apocalypse theories?,https://timesofindia.indiatimes.com/etimes/trending/will-world-end-on-september-23-why-theres-so-much-buzz-aboutapocalypse-theories/articleshow/103892774.cms,https://static.toiimg.com/photo/msid-25581306/25581306.jpg,
Amy Jackson lashes out at trolls for mocking her transformation and calling it 'ugly'; says 'The moment a woman does it...',https://timesofindia.indiatimes.com/videos/etimes/bollywood/amy-jackson-lashes-out-at-trolls-for-mocking-her-transformation-and-calling-it-ugly-says-the-moment-a-woman-does-it-/videoshow/103928344.cms,https://static.toiimg.com/photo/msid-25581306/25581306.jpg,
Amy Jackson lashes out at trolls for mocking her transformation and calling it 'ugly'; says 'The moment a woman does it...',https://timesofindia.indiatimes.com/videos/etimes/bollywood/amy-jackson-lashes-out-at-trolls-for-mocking-her-transformation-and-calling-it-ugly-says-the-moment-a-woman-does-it-/videoshow/103928344.cms,https://static.toiimg.com/photo/msid-25581306/25581306.jpg,
"Husband and wife spotted! Parineeti Chopra and Raghav Chadha clicked for the first time after their wedding, actress blushes",https://timesofindia.indiatimes.com/videos/etimes/bollywood/husband-and-wife-spotted-parineeti-chopra-and-raghav-chadha-clicked-for-the-first-time-after-their-wedding-actress-blushes/videoshow/103928841.cms,https://static.toiimg.com/photo/msid-25581306/25581306.jpg,
"Kiya Gift Diya? Sania Mirza gets involved in chit-chat with paparazzi at Udaipur airport, says 'Bohot achi shaddi thi' -#RagneetiWedding",https://timesofindia.indiatimes.com/videos/etimes/bollywood/kiya-gift-diya-sania-mirza-gets-involved-in-chit-chat-with-paparazzi-at-udaipur-airport-says-bohot-achi-shaddi-thi-ragneetiwedding/videoshow/103926475.cms,https://static.toiimg.com/photo/msid-25581306/25581306.jpg,
"Priyanka Chopra gets emotional, blesses newlywed couple Parineeti Chopra and Raghav Chadha: 'My blessings always'",https://timesofindia.indiatimes.com/videos/etimes/bollywood/priyanka-chopra-gets-emotional-blesses-newlywed-couple-parineeti-chopra-and-raghav-chadha-my-blessings-always/videoshow/103926180.cms,https://static.toiimg.com/photo/msid-25581306/25581306.jpg,
Nayanthara looks unrecognisable in this old video from her TV anchoring days; netizen says ‘Money changes everything’,https://timesofindia.indiatimes.com/videos/etimes/bollywood/nayanthara-looks-unrecognisable-in-this-old-video-from-her-tv-anchoring-days-netizen-says-money-changes-everything/videoshow/103925160.cms,https://static.toiimg.com/photo/msid-25581306/25581306.jpg,
"Mr and Mrs Chadha! Parineeti Chopra-Raghav Chadha's WEDDING pictures out, Wikipedia updates their relationship status",https://timesofindia.indiatimes.com/videos/etimes/bollywood/mr-and-mrs-chadha-parineeti-chopra-raghav-chadhas-wedding-pics-out-wikipedia-updates-their-relationship-status/videoshow/103923042.cms,https://static.toiimg.com/photo/msid-25581306/25581306.jpg,
UP: Man dies by suicide in BJP MLA's flat in Lucknow,https://timesofindia.indiatimes.com/city/lucknow/man-dies-by-suicide-in-bjp-mlas-flat-in-lucknow-after-argument-with-girlfriend/articleshow/103928557.cms,https://static.toiimg.com/photo/msid-25581306/25581306.jpg,
Is becoming a manager or CEO in your luck? Numerologist explains how to decode your birth date,http://timesofindia.indiatimes.com/life-style/relationships/love-sex/is-becoming-a-manager-or-ceo-in-your-luck-numerologist-explains-how-to-decode-your-birth-date/photostory/103928895.cms,https://static.toiimg.com/photo/msid-25581306/25581306.jpg,
"High cholesterol: Causes, symptoms and how it affects the body",http://timesofindia.indiatimes.com/life-style/health-fitness/health-news/high-cholesterol-causes-symptoms-and-how-it-affects-the-body/photostory/103926826.cms,https://static.toiimg.com/photo/msid-25581306/25581306.jpg,
From Dhanushree to Rupesh Rajanna: Celebrities who couldn't cash in on Bigg Boss Kannada fame,http://timesofindia.indiatimes.com/tv/news/kannada/from-dhanushree-to-rupesh-rajanna-celebrities-who-couldnt-cash-in-on-bigg-boss-kannada-fame/photostory/103925786.cms,https://static.toiimg.com/photo/msid-25581306/25581306.jpg,
​,http://timesofindia.indiatimes.com/tv/news/tamil/abbas-to-nivisha-kingkon-rumoured-contestants-of-bigg-boss-tamil-7/photostory/103923077.cms,https://static.toiimg.com/photo/msid-25581306/25581306.jpg,
World Lung Day: 5 common warning signs of lung disease,http://timesofindia.indiatimes.com/life-style/health-fitness/health-news/world-lung-day-5-common-warning-signs-of-lung-disease/photostory/103921478.cms,https://static.toiimg.com/photo/msid-25581306/25581306.jpg,
Tollywood’s most anticipated box office clash we all are waiting for,http://timesofindia.indiatimes.com/entertainment/bengali/movies/news/tollywoods-most-anticipated-box-office-clash-we-all-are-waiting-for/photostory/103886065.cms,https://static.toiimg.com/photo/msid-25581306/25581306.jpg,
Brief psychological treatment can help against anxiety,https://timesofindia.indiatimes.com/life-style/health-fitness/health-news/2-hour-online-psychological-treatment-can-help-against-depression-anxiety/articleshow/103929213.cms,https://static.toiimg.com/photo/msid-25581306/25581306.jpg,
​All about Parineeti Chopra's choice of pink chooda,https://timesofindia.indiatimes.com/life-style/fashion/celeb-style/all-about-new-bride-parineeti-chopras-choice-of-pink-chooda/articleshow/103921007.cms,https://static.toiimg.com/photo/msid-25581306/25581306.jpg,
Numerologist explains if becoming a manager is in your luck,https://timesofindia.indiatimes.com/life-style/relationships/love-sex/is-becoming-a-manager-or-ceo-in-your-luck-numerologist-explains-how-to-decode-your-birth-date/photostory/103928895.cms,https://static.toiimg.com/photo/msid-25581306/25581306.jpg,
Parineeti to Alia: Makeup inspiration from B'wood brides,https://timesofindia.indiatimes.com/life-style/beauty/web-stories/from-parineeti-chopra-to-alia-bhatt-makeup-inspiration-from-bollywood-brides/photostory/103925766.cms,https://static.toiimg.com/photo/msid-25581306/25581306.jpg,
Are you a good parent? 5 things that prove so,https://timesofindia.indiatimes.com/life-style/parenting/moments/are-you-a-good-parent-5-things-that-prove-you-are/photostory/103928853.cms,https://static.toiimg.com/photo/msid-25581306/25581306.jpg,
This is how ginger water can be used in multiple ways,https://timesofindia.indiatimes.com/life-style/food-news/this-is-how-ginger-water-can-be-used-in-multiple-ways/articleshow/103928766.cms,https://static.toiimg.com/photo/msid-25581306/25581306.jpg,
"Gulmarg receives season’s first snowfall, turns into a winter wonderland",https://timesofindia.indiatimes.com/travel/travel-news/gulmarg-receives-seasons-first-snowfall-turns-into-a-winter-wonderland/articleshow/103924887.cms,https://static.toiimg.com/photo/msid-25581306/25581306.jpg,
5 heart-touching books written in the form of letters,https://timesofindia.indiatimes.com/life-style/books/features/5-heart-touching-books-written-in-the-form-of-letters/photostory/103873283.cms,https://static.toiimg.com/photo/msid-25581306/25581306.jpg,
Yoga poses for stress relief,https://timesofindia.indiatimes.com/videos/lifestyle/health-fitness/yoga-poses-for-stress-relief/videoshow/103922147.cms,https://static.toiimg.com/photo/msid-25581306/25581306.jpg,
"Congress will make Madhya Pradesh 'bimaaru', if voted to power, says PM Modi",https://timesofindia.indiatimes.com/videos/news/congress-will-make-madhya-pradesh-bimaaru-if-voted-to-power-says-pm-modi/videoshow/103927906.cms,https://static.toiimg.com/photo/msid-25581306/25581306.jpg,
"Congress will make Madhya Pradesh 'bimaaru', if voted to power, says PM Modi",https://timesofindia.indiatimes.com/videos/news/congress-will-make-madhya-pradesh-bimaaru-if-voted-to-power-says-pm-modi/videoshow/103927906.cms,https://static.toiimg.com/photo/msid-25581306/25581306.jpg,
India breaks world record at Asian Games 2023: Watch India's medal tally and the winners,https://timesofindia.indiatimes.com/videos/toi-original/india-breaks-world-record-at-asian-games-2023-watch-indias-medal-tally-and-the-winners/videoshow/103927148.cms,https://static.toiimg.com/photo/msid-25581306/25581306.jpg,
Parineeti Chopra-Raghav Chadha's WEDDING pics out,https://timesofindia.indiatimes.com/videos/etimes/bollywood/mr-and-mrs-chadha-parineeti-chopra-raghav-chadhas-wedding-pics-out-wikipedia-updates-their-relationship-status/videoshow/103923042.cms,https://static.toiimg.com/photo/msid-25581306/25581306.jpg,
"Watch: Massive 'Sanatan' protests rock Delhi, right wing groups hold protest against Udhaynidhi",https://timesofindia.indiatimes.com/videos/news/watch-massive-sanatan-protests-rock-delhi-right-wing-groups-hold-protest-against-udhaynidhi/videoshow/103925108.cms,https://static.toiimg.com/photo/msid-25581306/25581306.jpg,
"Ajay Devgn's ‘Singham’ image in trouble, HC judge slams him",https://timesofindia.indiatimes.com/videos/etimes/bollywood/singham-cop-delivering-instant-justice-sends-out-wrong-message-bombay-hc-judge-says/videoshow/103922624.cms,https://static.toiimg.com/photo/msid-25581306/25581306.jpg,
Sindoor and Chooda! Parineeti's FIRST pic as bride,https://timesofindia.indiatimes.com/videos/etimes/bollywood/sindoor-chooda-and-mehendi-parineeti-chopras-first-picture-with-husband-raghav-chadha-out/videoshow/103919853.cms,https://static.toiimg.com/photo/msid-25581306/25581306.jpg,
"Kiara Advani, Alia Bhatt, Parineeti Chopra: Bollywood brides who opted for minimalistic mehendi",https://timesofindia.indiatimes.com/entertainment/hindi/web-stories/kiara-advani-alia-bhatt-parineeti-chopra-bollywood-brides-who-opted-for-minimalistic-mehendi/photostory/103904628.cms,https://static.toiimg.com/photo/msid-25581306/25581306.jpg,
"Sindoor, Chooda and Mehendi! Parineeti Chopra's FIRST picture with husband Raghav Chadha OUT",https://timesofindia.indiatimes.com/videos/etimes/bollywood/sindoor-chooda-and-mehendi-parineeti-chopras-first-picture-with-husband-raghav-chadha-out/videoshow/103919853.cms,https://static.toiimg.com/photo/msid-25581306/25581306.jpg,
Bollywood actors and their lavish houses in Mumbai,https://timesofindia.indiatimes.com/entertainment/hindi/web-stories/bollywood-actors-and-their-lavish-houses-in-mumbai/photostory/103873012.cms,https://static.toiimg.com/photo/msid-25581306/25581306.jpg,
"Squid Game Season 2: New Players, New Horrors, and What We Know So Far",https://timesofindia.indiatimes.com/entertainment/english/hollywood/news/squid-game-season-2-new-players-new-horrors-and-what-we-know-so-far/articleshow/103834161.cms,https://static.toiimg.com/photo/msid-25581306/25581306.jpg,
Ankita shows gratitude towards mentor Ekta Kapoor,https://timesofindia.indiatimes.com/tv/news/hindi/ankita-lokhande-shows-gratitude-towards-her-mentor-ekta-kapoor-says-thanku-for-always-going-above-and-beyond-for-me/articleshow/103926486.cms,https://static.toiimg.com/photo/msid-25581306/25581306.jpg,
Maniesh on how he celebrated Ganesh Chaturthi this year,https://timesofindia.indiatimes.com/tv/news/hindi/maniesh-paul-reveals-how-he-celebrated-ganesh-chaturthi-this-year-says-bappa-blessed-us-by-coming-to-our-house-for-the-15th-year-in-a-row/articleshow/103925612.cms,https://static.toiimg.com/photo/msid-25581306/25581306.jpg,
Shiv Thakare reveals Salman had said 'ye ladka kuch bada karega',https://timesofindia.indiatimes.com/tv/news/hindi/shiv-thakare-salman-sir-said-that-ye-ladka-kuch-bada-karega/articleshow/103926213.cms,https://static.toiimg.com/photo/msid-25581306/25581306.jpg,
Rashami Desai’s glamorous ethnic looks,https://timesofindia.indiatimes.com/tv/web-stories/hindi/rashami-desais-glamorous-ethnic-looks/photostory/103922937.cms,https://static.toiimg.com/photo/msid-25581306/25581306.jpg,
Rashmika Mandanna's Precious and Adorable Moments,https://timesofindia.indiatimes.com/entertainment/telugu/web-stories/rashmika-mandannas-precious-and-adorable-moments/photostory/103905066.cms,https://static.toiimg.com/photo/msid-25581306/25581306.jpg,
Raashi Khanna's alluring ethnic looks with a Bengali twist,https://timesofindia.indiatimes.com/entertainment/bengali/web-stories/raashi-khannas-alluring-ethnic-looks-with-a-bengali-twist/photostory/103810437.cms,https://static.toiimg.com/photo/msid-25581306/25581306.jpg,
"Nayanthara, Keerthy Suresh, Shriya Saran, best photos of the week",https://timesofindia.indiatimes.com/entertainment/malayalam/web-stories/nayanthara-keerthy-suresh-shriya-saran-best-photos-of-the-week/photostory/103888961.cms,https://static.toiimg.com/photo/msid-25581306/25581306.jpg,
Amala Paul: Epitome of classic beauty in ethnic,https://timesofindia.indiatimes.com/entertainment/bengali/web-stories/amala-paul-an-epitome-of-classic-beauty-in-ethnic/photostory/103839415.cms,https://static.toiimg.com/photo/msid-25581306/25581306.jpg,
Best Robot Mops To Clean Your Floors With Zero Manual Effort,https://timesofindia.indiatimes.com/most-searched-products/electronics/vacuum-cleaners/functional-robot-mops-to-clean-your-floors-with-zero-manual-effort/articleshow/80149607.cms?utm_source=toi-homepage&utm_medium=web-shopping-destination&utm_campaign=msp-shopping,https://static.toiimg.com/photo/msid-25581306/25581306.jpg,
"Luxury smartwatches from Apple, Samsung and more: Elevate your style",https://timesofindia.indiatimes.com/most-searched-products/electronics/wearables/luxury-smartwatches-from-apple-samsung-and-more-elevate-your-style/articleshow/103666547.cms?utm_source=toi-homepage&utm_medium=web-shopping-destination&utm_campaign=msp-shopping,https://static.toiimg.com/photo/msid-25581306/25581306.jpg,
"iPhone 15 Price and Sale in India; iPhone 15, Plus, Pro and Pro Max Comparison",https://timesofindia.indiatimes.com/most-searched-products/mobile-phones/mobiles/iphone-15-and-iphone-14-plus-pro-and-pro-max-comparison-iphone-15-release-date-and-details-here/articleshow/103490115.cms?utm_source=toi-homepage&utm_medium=web-shopping-destination&utm_campaign=msp-shopping,https://static.toiimg.com/photo/msid-25581306/25581306.jpg,
"Best 4K Monitors from LG, Samsung, Dell & more",https://timesofindia.indiatimes.com/most-searched-products/electronics/monitors/buy-these-4k-monitors-from-lg-samsung-and-dell-that-are-ideal-for-watching-movies-and-playing-games/articleshow/76068566.cms?utm_source=toi-homepage&utm_medium=web-shopping-destination&utm_campaign=msp-shopping,https://static.toiimg.com/photo/msid-25581306/25581306.jpg,
Best triple door refrigerators in India,https://timesofindia.indiatimes.com/most-searched-products/electronics/refrigerators/triple-door-fridge-best-options-in-india/articleshow/94814263.cms?utm_source=toi-homepage&utm_medium=web-shopping-destination&utm_campaign=msp-shopping,https://static.toiimg.com/photo/msid-25581306/25581306.jpg,
Washing Machine Price: Best Options In Different Price Brackets,https://timesofindia.indiatimes.com/most-searched-products/electronics/washing-machine/washing-machine-price-best-options-in-different-price-brackets/articleshow/97453178.cms?utm_source=toi-homepage&utm_medium=web-shopping-destination&utm_campaign=msp-shopping,https://static.toiimg.com/photo/msid-25581306/25581306.jpg,
Bluetooth earbuds: Best options to buy,https://timesofindia.indiatimes.com/most-searched-products/electronics/headphones/bluetooth-earbuds-that-you-can-buy-right-now/articleshow/71615666.cms?utm_source=toi-homepage&utm_medium=web-shopping-destination&utm_campaign=msp-shopping,https://static.toiimg.com/photo/msid-25581306/25581306.jpg,
Best Microwaves Ovens That Help You Save Time in The Kitchen,https://timesofindia.indiatimes.com/most-searched-products/kitchen-and-dining/small-appliances/best-microwaves-from-lg-samsung-and-ifb-that-help-you-save-time-in-the-kitchen/articleshow/73552916.cms?utm_source=toi-homepage&utm_medium=web-shopping-destination&utm_campaign=msp-shopping,https://static.toiimg.com/photo/msid-25581306/25581306.jpg,
Asian Games Live: Women's cricket team wins India's second gold,https://timesofindia.indiatimes.com/sports/asian-games-2023/live-updates-of-asian-games-2023-day-2-shooting-wushu-artistic-gymnastics-tennis-judo-swimming-rowing-cricket-boxing-basketball-chess/liveblog/103916023.cms,https://static.toiimg.com/photo/msid-25581306/25581306.jpg,
"Hangzhou Asian Games: Lekh Ram, Babu Lal clinch India’s second rowing medal, settle for Bronze in Men’s Pair Final",https://timesofindia.indiatimes.com/videos/sports/other-sports/hangzhou-asian-games-lekh-ram-babu-lal-clinch-indias-second-rowing-medal-settle-for-bronze-in-mens-pair-final/videoshow/103908385.cms,https://static.toiimg.com/photo/msid-25581306/25581306.jpg,
Hangzhou Asian Games: Indian athlete Punit Kumar bags silver medal in men’s coxed eight event,https://timesofindia.indiatimes.com/videos/sports/other-sports/hangzhou-asian-games-indian-rowers-bags-silver-medal-in-mens-coxed-eight-team-event/videoshow/103905749.cms,https://static.toiimg.com/photo/msid-25581306/25581306.jpg,
Asiad: Indian women's cricket team wins gold in their maiden appearance,https://timesofindia.indiatimes.com/sports/asian-games-2023/asian-games-indian-womens-cricket-team-wins-gold-in-their-maiden-appearance-at-the-games/articleshow/103929999.cms,https://static.toiimg.com/photo/msid-25581306/25581306.jpg,
"Asian Games: Indian men's 10m air rifle team clinches gold, sets WR",https://timesofindia.indiatimes.com/sports/asian-games-2023/india-asian-games/hangzhou-asian-games-indian-mens-10m-air-rifle-team-clinches-gold-sets-world-record/articleshow/103918399.cms,https://static.toiimg.com/photo/msid-25581306/25581306.jpg,
How India won the 2nd ODI against Australia to seal series,https://timesofindia.indiatimes.com/sports/cricket/australia-in-india/how-india-won-the-rain-marred-second-odi-against-australia-to-seal-series/articleshow/103913258.cms,https://static.toiimg.com/photo/msid-25581306/25581306.jpg,
Asian Games: Indian rowers clinch two bronze medals on Day 2,https://timesofindia.indiatimes.com/sports/asian-games-2023/india-asian-games/asian-games-indian-rowers-win-bronze-in-mens-four-event/articleshow/103918915.cms,https://static.toiimg.com/photo/msid-25581306/25581306.jpg,
I was eagerly waiting to come back and perform for the team: Iyer,https://timesofindia.indiatimes.com/sports/cricket/australia-in-india/shreyas-iyer-it-was-one-of-my-finest-innings-especially-coming-out-of-an-injury-i-was-eagerly-waiting-to-come-back-and-perform-for-the-team/articleshow/103918967.cms,https://static.toiimg.com/photo/msid-25581306/25581306.jpg,
"Acclimatization, 'desert storm' behind India's medal rush in rowing",https://timesofindia.indiatimes.com/sports/asian-games-2023/india-asian-games/asian-games-acclimatization-desert-storm-behind-indias-medal-rush-in-rowing/articleshow/103908360.cms,https://static.toiimg.com/photo/msid-25581306/25581306.jpg,
Records galore vs Australia! India first team to attain this in ODIs,https://timesofindia.indiatimes.com/sports/cricket/australia-in-india/records-galore-vs-australia-india-first-team-to-attain-this-in-odis/articleshow/103912076.cms,https://static.toiimg.com/photo/msid-25581306/25581306.jpg,
Watch: 'Super' Surya smashes Green for four consecutive sixes,https://timesofindia.indiatimes.com/sports/cricket/australia-in-india/watch-super-surya-smashes-cameron-green-for-four-consecutive-sixes/articleshow/103910262.cms,https://static.toiimg.com/photo/msid-25581306/25581306.jpg,
Tecno Phantom V Flip 5G vs Oppo Find N2 Flip: Flip phones compared,https://timesofindia.indiatimes.com/gadgets-news/tecno-phantom-v-flip-5g-vs-oppo-find-n2-flip-flip-phones-compared/photostory/103929170.cms,https://static.toiimg.com/photo/msid-25581306/25581306.jpg,
Tata Communications joins Air France–KLM’s sustainable aviation fuel programme,https://timesofindia.indiatimes.com/business/india-business/tata-communications-joins-air-franceklms-sustainable-aviation-fuel-programme/articleshow/103930119.cms,https://static.toiimg.com/photo/msid-25581306/25581306.jpg,
Many IPOs hit Indian stock markets: Should you invest? FAQs Answered | IPO Investment Guide,https://timesofindia.indiatimes.com/videos/business/many-ipos-hit-indian-stock-markets-should-you-invest-faqs-answered-ipo-investment-guide/videoshow/103845516.cms,https://static.toiimg.com/photo/msid-25581306/25581306.jpg,
"India Middle East Europe Corridor: How India Aims To Counter China, Pakistan - Explained | G20",https://timesofindia.indiatimes.com/videos/business/india-middle-east-europe-corridor-how-india-aims-to-counter-china-pakistan-explained-g20/videoshow/103791806.cms,https://static.toiimg.com/photo/msid-25581306/25581306.jpg,
Foreign portfolio investors outflows cross Rs 10k crore mark in September,https://timesofindia.indiatimes.com/business/india-business/foreign-portfolio-investors-outflows-cross-rs-10000-crore-mark-in-september/articleshow/103914335.cms,https://static.toiimg.com/photo/msid-25581306/25581306.jpg,
Household savings at 16-year low threaten India’s growth,https://timesofindia.indiatimes.com/business/india-business/household-savings-at-16-year-low-threaten-indias-growth/articleshow/103920327.cms,https://static.toiimg.com/photo/msid-25581306/25581306.jpg,
Russia 'closely monitoring' tense situation in Kosovo: Kremlin,https://timesofindia.indiatimes.com/world/europe/russia-closely-monitoring-tense-situation-in-kosovo-kremlin/articleshow/103930347.cms,https://static.toiimg.com/photo/msid-25581306/25581306.jpg,
Didn't Qualify CTET 2023? Here's What You Can Do,https://timesofindia.indiatimes.com/education/web-stories/didnt-qualify-ctet-2023-heres-what-you-can-do/photostory/103928218.cms,https://static.toiimg.com/photo/msid-25581306/25581306.jpg,
Sleeping on the job is the latest perk at new-age companies,https://timesascent.com/articles/Sleeping-on-the-job-is-the-latest-perk-at-new-age-companies/157229,https://static.toiimg.com/photo/msid-25581306/25581306.jpg,
Do we need an HR Department for HR too?,https://timesascent.com/articles/Do-we-need-an-HR-Department-for-HR-too/157228,https://static.toiimg.com/photo/msid-25581306/25581306.jpg,
The next alarming trend in HR: Quick quitting,https://timesascent.com/articles/The-next-alarming-trend-in-HR-Quick-quitting/157227,https://static.toiimg.com/photo/msid-25581306/25581306.jpg,
Why companies should give serious thoughts to moonlighting?,https://timesascent.com/articles/Why-companies-should-give-serious-thoughts-to-moonlighting/157226,https://static.toiimg.com/photo/msid-25581306/25581306.jpg,
10 foods that are naturally low in cholesterol,https://recipes.timesofindia.com/web-stories/10-foods-that-are-naturally-low-in-cholesterol/photostory/103919773.cms,https://static.toiimg.com/photo/msid-25581306/25581306.jpg,
Watch: How to make Chicken Noodles,https://recipes.timesofindia.com/videos/watch-how-to-make-chicken-noodles/videoshow/102774953.cms,https://static.toiimg.com/photo/msid-25581306/25581306.jpg,
Watch: 1-Minute Cookie Challenge,https://recipes.timesofindia.com/videos/watch-1-minute-cookie-challenge/videoshow/102745065.cms,https://static.toiimg.com/photo/msid-25581306/25581306.jpg,
Watch: How to make Vetrilai Nattukozhi,https://recipes.timesofindia.com/videos/watch-how-to-make-vetrilai-nattukozhi/videoshow/102685363.cms,https://static.toiimg.com/photo/msid-25581306/25581306.jpg,
Watch: How to make Blue Ice,https://recipes.timesofindia.com/videos/watch-how-to-make-blue-ice/videoshow/101374900.cms,https://static.toiimg.com/photo/msid-25581306/25581306.jpg,
Lebanese Garlic Sauce,https://recipes.timesofindia.com/recipes/lebanese-garlic-sauce/rs84466179.cms,https://static.toiimg.com/photo/msid-25581306/25581306.jpg,
Banana Cheela,https://recipes.timesofindia.com/recipes/banana-cheela/rs89586552.cms,https://static.toiimg.com/photo/msid-25581306/25581306.jpg,
Chamomile Milk,https://recipes.timesofindia.com/beverage/non-alcoholic/chamomile-milk/rs89584105.cms,https://static.toiimg.com/photo/msid-25581306/25581306.jpg,
Boondi Ke Laddoo,https://recipes.timesofindia.com/recipes/boondi-ke-laddoo/rs84608690.cms,https://static.toiimg.com/photo/msid-25581306/25581306.jpg,
Heart Choco Pops,https://recipes.timesofindia.com/recipes/heart-choco-pops/rs89561225.cms,https://static.toiimg.com/photo/msid-25581306/25581306.jpg,
"High cholesterol: Causes, symptoms and how it affects the body",https://timesofindia.indiatimes.com/life-style/health-fitness/health-news/high-cholesterol-causes-symptoms-and-how-it-affects-the-body/photostory/103926826.cms,https://static.toiimg.com/photo/msid-25581306/25581306.jpg,
Pandemic driven by Disease X on its way,https://timesofindia.indiatimes.com/life-style/health-fitness/health-news/next-pandemic-driven-by-disease-x-already-on-its-way-may-kill-millions-more-report/articleshow/103924695.cms,https://static.toiimg.com/photo/msid-25581306/25581306.jpg,
How Assefa trained to smash world record,https://timesofindia.indiatimes.com/life-style/health-fitness/web-stories/training-secrets-of-tigist-assefa-new-womens-marathon-world-record-holder/photostory/103924253.cms,https://static.toiimg.com/photo/msid-25581306/25581306.jpg,
5 common warning signs of lung disease,https://timesofindia.indiatimes.com/life-style/health-fitness/health-news/world-lung-day-5-common-warning-signs-of-lung-disease/photostory/103921478.cms,https://static.toiimg.com/photo/msid-25581306/25581306.jpg,
This ancient biblical herb can fight cancer,https://timesofindia.indiatimes.com/life-style/health-fitness/web-stories/this-ancient-biblical-herb-can-fight-cancer/photostory/103911288.cms,https://static.toiimg.com/photo/msid-25581306/25581306.jpg,
Only the sharpest brains can find the no. 9 ,https://timesofindia.indiatimes.com/life-style/health-fitness/de-stress/brain-teaser-find-the-number-9-in-under-10-seconds/articleshow/103639658.cms,https://static.toiimg.com/photo/msid-25581306/25581306.jpg,
What happens when you eat walnuts every day?,https://timesofindia.indiatimes.com/life-style/health-fitness/diet/what-happens-to-your-body-when-you-eat-walnuts-every-day/photostory/103907653.cms,https://static.toiimg.com/photo/msid-25581306/25581306.jpg,
5 red flag symptoms of liver disease on face,https://timesofindia.indiatimes.com/life-style/health-fitness/health-news/5-red-flag-symptoms-of-liver-disease-on-your-face/photostory/103907499.cms,https://static.toiimg.com/photo/msid-25581306/25581306.jpg,
How much vitamin D you need as per your age,https://timesofindia.indiatimes.com/life-style/health-fitness/web-stories/how-much-vitamin-d-you-need-as-per-your-age/photostory/103904580.cms,https://static.toiimg.com/photo/msid-25581306/25581306.jpg,
Why walking after a meal is recommended,https://timesofindia.indiatimes.com/life-style/health-fitness/fitness/why-walking-after-a-meal-is-recommended/articleshow/103886553.cms,https://static.toiimg.com/photo/msid-25581306/25581306.jpg,
New dementia risk score can identify those at risk early,https://timesofindia.indiatimes.com/life-style/health-fitness/de-stress/a-new-dementia-risk-score-can-identify-individuals-at-risk-from-early-on-in-life/photostory/103814713.cms,https://static.toiimg.com/photo/msid-25581306/25581306.jpg,
Best ethnic looks of Nusraat Faria,https://timesofindia.indiatimes.com/tv/web-stories/bengali/best-ethnic-looks-of-nusraat-faria/photostory/103904204.cms,https://static.toiimg.com/photo/msid-25581306/25581306.jpg,
​Parvathy's Niyuktha is a true diva off-screen,https://timesofindia.indiatimes.com/tv/web-stories/malayalam/parvathys-niyuktha-is-a-true-diva-off-screen/photostory/103910550.cms,https://static.toiimg.com/photo/msid-25581306/25581306.jpg,
A look at the cutest 15 clicks of Bharti Singh and her son Golla,https://timesofindia.indiatimes.com/tv/web-stories/hindi/a-look-at-the-cutest-15-clicks-of-bharti-singh-and-her-son-golla/photostory/103911336.cms,https://static.toiimg.com/photo/msid-25581306/25581306.jpg,
​In pics: Pranika Dhakshu’s stylish wardrobe collection​,https://timesofindia.indiatimes.com/tv/web-stories/tamil/in-pics-pranika-dhakshus-stylish-wardrobe-collection/photostory/103908694.cms,https://static.toiimg.com/photo/msid-25581306/25581306.jpg,
Mokshitha Pai's stunning looks take center stage,https://timesofindia.indiatimes.com/tv/web-stories/kannada/mokshitha-pais-stunning-looks-take-center-stage/photostory/103873983.cms,https://static.toiimg.com/photo/msid-25581306/25581306.jpg,
Aditi Dravid's latest saree looks will surely give you retro vibes,https://timesofindia.indiatimes.com/tv/web-stories/marathi/aditi-dravids-latest-saree-looks-will-surely-give-you-retro-vibes/photostory/103894322.cms,https://static.toiimg.com/photo/msid-25581306/25581306.jpg,
​In Pictures: Deepthi Sunaina's Stylish Looks​,https://timesofindia.indiatimes.com/tv/web-stories/telugu/in-pictures-deepthi-sunainas-stylish-looks/photostory/103907700.cms,https://static.toiimg.com/photo/msid-25581306/25581306.jpg,
Charming pics of Ritabhari,https://timesofindia.indiatimes.com/tv/web-stories/bengali/charming-pics-of-ritabhari-chakraborty/photostory/103890130.cms,https://static.toiimg.com/photo/msid-25581306/25581306.jpg,
"2024 Kia Sonet facelift spied with Seltos-inspired tail lights, alloy wheels and more",https://timesofindia.indiatimes.com/auto/cars/2024-kia-sonet-facelift-spied-with-seltos-inspired-tail-lights-alloy-wheels-and-more/articleshow/103926485.cms,https://static.toiimg.com/photo/msid-25581306/25581306.jpg,
Top 10 highest selling bikes in August 2023: Hero Splendor to RE Classic 350,https://timesofindia.indiatimes.com/auto/web-stories/top-10-highest-selling-bikes-in-august-2023-hero-splendor-to-re-classic-350/photostory/103921578.cms,https://static.toiimg.com/photo/msid-25581306/25581306.jpg,
EU auto association calls for action against post-Brexit inflation in European EV prices,https://timesofindia.indiatimes.com/auto/news/eu-auto-association-calls-for-action-against-post-brexit-inflation-in-european-ev-prices/articleshow/103922502.cms,https://static.toiimg.com/photo/msid-25581306/25581306.jpg,
How Lenovo made the world's first Kiss Activated F1 trophy | TOI Auto,https://timesofindia.indiatimes.com/videos/auto/how-lenovo-made-the-worlds-first-kiss-activated-f1-trophy-toi-auto/videoshow/103921734.cms,https://static.toiimg.com/photo/msid-25581306/25581306.jpg,
"Hybrid cars, SUVs with highest mileage in India: Toyota Hyryder to Maruti Suzuki Invicto",https://timesofindia.indiatimes.com/auto/web-stories/hybrid-cars-suvs-with-highest-mileage-in-india-toyota-hyryder-to-maruti-suzuki-invicto/photostory/103920553.cms,https://static.toiimg.com/photo/msid-25581306/25581306.jpg,
Kia EV6 GT beats Ford Mustang Mach-E in German evaluation,https://timesofindia.indiatimes.com/auto/electric-cars/kia-ev6-gt-beats-ford-mustang-mach-e-in-german-evaluation/articleshow/103920751.cms,https://static.toiimg.com/photo/msid-25581306/25581306.jpg,
Didn't Qualify CTET 2023? Here's What You Can Do,https://timesofindia.indiatimes.com/education/web-stories/didnt-qualify-ctet-2023-heres-what-you-can-do/photostory/103928218.cms,https://static.toiimg.com/photo/msid-25581306/25581306.jpg,
TSPSC Group 1 Prelims Exam 2023 Cancelled: Telangana High Court cancels preliminary exam,https://timesofindia.indiatimes.com/education/news/tspsc-group-1-prelims-exam-2023-cancelled-telangana-high-court-cancels-preliminary-exam/articleshow/103884572.cms,https://static.toiimg.com/photo/msid-25581306/25581306.jpg,
"RPSC RAS Admit Card 2023 release date announced, how to download",https://timesofindia.indiatimes.com/education/news/rpsc-ras-admit-card-2023-release-date-announced-direct-link-to-download/articleshow/103881896.cms,https://static.toiimg.com/photo/msid-25581306/25581306.jpg,
"ICMAI CMA Final, Inter Result 2023 date announced on icmai.in",https://timesofindia.indiatimes.com/education/news/icmai-cma-final-inter-result-2023-date-announced-on-icmai-in/articleshow/103880111.cms,https://static.toiimg.com/photo/msid-25581306/25581306.jpg,
AIIMS NORCET 5 Result 2023 announced @ aiimsexams.ac.in; Direct link here,https://timesofindia.indiatimes.com/education/news/aiims-norcet-5-result-2023-announced-aiimsexams-ac-in-direct-link-here/articleshow/103872324.cms,https://static.toiimg.com/photo/msid-25581306/25581306.jpg,
"SSC MTS Admit Card 2022 for PET, PST released on ssc.nic.in, direct link to download",https://timesofindia.indiatimes.com/education/news/ssc-mts-admit-card-2022-for-pet-pst-released-on-ssc-nic-in-direct-link-to-download/articleshow/103863081.cms,https://static.toiimg.com/photo/msid-25581306/25581306.jpg,
‘Lake Man’ relies on ancient methods to ease water crisis,https://timesofindia.indiatimes.com/india/lake-man-relies-on-ancient-methods-to-ease-water-crisis/articleshow/103916870.cms,https://static.toiimg.com/photo/msid-25581306/25581306.jpg,
"India-Canada row: NIA seizes properties of SFJ leader Pannun, slain Khalistani terrorist Nijjar in massive crackdown",https://timesofindia.indiatimes.com/india/india-canada-row-khalistani-urpatwant-singh-pannu-sikhs-for-justice-hardeep-singh-nijjar-nia/articleshow/103885568.cms,https://static.toiimg.com/photo/msid-25581306/25581306.jpg,
"India-Canada row: NIA seizes properties of SFJ leader Pannun, slain Khalistani terrorist Nijjar in massive crackdown",https://timesofindia.indiatimes.com/india/india-canada-row-khalistani-urpatwant-singh-pannu-sikhs-for-justice-hardeep-singh-nijjar-nia/articleshow/103885568.cms,https://static.toiimg.com/photo/msid-25581306/25581306.jpg,
PM to attend Quad summit in US on Sept 24,https://timesofindia.indiatimes.com/india/pm-modi-to-attend-first-in-person-quad-summit-to-be-hosted-by-biden-next-week/articleshow/86187822.cms,https://static.toiimg.com/photo/msid-25581306/25581306.jpg,
Benefits of legs-up-the-wall yoga pose,https://timesofindia.indiatimes.com/life-style/health-fitness/fitness/viparita-karani-know-the-benefits-associated-with-the-legs-up-the-wall-pose/photostory/103748751.cms,https://static.toiimg.com/photo/msid-25581306/25581306.jpg,
​All about Parineeti's choice of pink chooda,https://timesofindia.indiatimes.com/life-style/fashion/celeb-style/all-about-new-bride-parineeti-chopras-choice-of-pink-chooda/articleshow/103921007.cms,https://static.toiimg.com/photo/msid-25581306/25581306.jpg,
10 Amazing benefits of Shikakai for hair,https://timesofindia.indiatimes.com/life-style/beauty/web-stories/10-amazing-benefits-of-shikakai-for-hair/photostory/103865696.cms,https://static.toiimg.com/photo/msid-25581306/25581306.jpg,
Smart ways to reuse garlic peels,https://timesofindia.indiatimes.com/life-style/food-news/smart-ways-to-reuse-garlic-peels/articleshow/103895296.cms,https://static.toiimg.com/photo/msid-25581306/25581306.jpg,
7 tips to mend parenting mistakes,https://timesofindia.indiatimes.com/life-style/parenting/moments/7-tips-to-mend-parenting-mistakes-and-rebuild-a-happier-relationship-with-your-child/articleshow/103911464.cms,https://static.toiimg.com/photo/msid-25581306/25581306.jpg,
"INDIA equation in MP polls: SP, AAP make a noise; Cong quiet",https://timesofindia.indiatimes.com/city/bhopal/the-india-bloc-equation-in-mp-election-sp-aap-make-a-noise-congress-quiet-in-friendly-fight/articleshow/103918004.cms,"https://static.toiimg.com/thumb/imgsize-1621197,msid-103918037,width-80,resizemode-4/103918037.jpg",
Unlocking power of people strategy & business transformation,https://timesofindia.indiatimes.com/business/india-business/unlocking-the-power-of-people-strategy-and-business-transformation-a-rare-opportunity-for-business-leadership/articleshow/103857510.cms,"https://static.toiimg.com/thumb/imgsize-32130,msid-103858402,width-80,resizemode-4/103858402.jpg",
"Addictive medicine, overdose deaths add to Punjab's miseries",https://timesofindia.indiatimes.com/city/chandigarh/punjabs-vicious-cycle-addictive-medicine-overdose-deaths-add-to-states-miseries/articleshow/103924525.cms,"https://static.toiimg.com/thumb/imgsize-28274,msid-103926962,width-80,resizemode-4/103926962.jpg",
"Cong will make MP 'Bimaru', if voted to power, says PM Modi",https://timesofindia.indiatimes.com/india/congress-will-make-madhya-pradesh-bimaaru-if-voted-to-power-says-pm-modi/articleshow/103925904.cms,"https://static.toiimg.com/thumb/imgsize-499635,msid-103926199,width-80,resizemode-4/103926199.jpg",
Indian women's cricket team wins gold on debut at Asian Games,https://timesofindia.indiatimes.com/sports/asian-games-2023/asian-games-indian-womens-cricket-team-wins-gold-in-their-maiden-appearance-at-the-games/articleshow/103929999.cms,"https://static.toiimg.com/thumb/imgsize-117692,msid-103930011,width-80,resizemode-4/103930011.jpg",
UP: Man dies by suicide in BJP MLA's flat in Lucknow,https://timesofindia.indiatimes.com/city/lucknow/man-dies-by-suicide-in-bjp-mlas-flat-in-lucknow-after-argument-with-girlfriend/articleshow/103928557.cms,"https://static.toiimg.com/thumb/imgsize-72796,msid-103928557,width-80,resizemode-4/103928557.jpg",
Skill Development scam: CID seeks further custody of Chandrababu Naidu,https://timesofindia.indiatimes.com/city/vijayawada/andhra-pradesh-cid-seeks-further-custody-of-chandrababu-naidu-in-skill-development-scam/articleshow/103929511.cms,"https://static.toiimg.com/thumb/imgsize-11148,msid-103929511,width-80,resizemode-4/103929511.jpg",
How Europe is running out of ammunition that Ukraine needs,https://timesofindia.indiatimes.com/world/europe-made-a-bold-pledge-of-ammunition-for-ukraine-now-comes-the-hard-part/articleshow/103906109.cms,"https://static.toiimg.com/thumb/imgsize-432473,msid-103907880,width-80,resizemode-4/103907880.jpg",
A whirlwind trip across the American South,https://timesofindia.indiatimes.com/travel/stories/a-whirlwind-trip-across-the-american-south/articleshow/74911088.cms,"https://static.toiimg.com/thumb/imgsize-846854,msid-103858606,width-80,resizemode-4/103858606.jpg",
Shopping: Live Now! Grab sale prices on TVs - Up to 60% Off,https://timesofindia.indiatimes.com/amazon-bestsellers,"https://static.toiimg.com/thumb/imgsize-248367,msid-87204807,width-80,resizemode-4/87204807.jpg",
Tantalising Texas—travel inside a cowboy's dream,https://timesofindia.indiatimes.com/travel/stories/tantalising-texastravel-inside-a-cowboys-dream/articleshow/74843457.cms,"https://static.toiimg.com/thumb/imgsize-562466,msid-103918127,width-80,resizemode-4/103918127.jpg",
Watch: Trudeau’s own MP says Hindus afraid of living in Canada,https://youtu.be/DNYuhoy1u_E,"https://static.toiimg.com/thumb/imgsize-115306,msid-103929924,width-80,resizemode-4/103929924.jpg",
9 features of iPhone 15 series that are first-ever in smartphones,https://www.gadgetsnow.com/slideshows/9-features-of-iphone-15-series-that-are-first-ever-in-smartphones/photolist/103913862.cms,"https://static.toiimg.com/thumb/imgsize-1933355,msid-103917419,width-80,resizemode-4/103917419.jpg",
"UP school slap case: Appoint senior IPS officer, says SC",https://timesofindia.indiatimes.com/india/student-slapping-case-supreme-court-asks-up-govt-to-appoint-senior-ips-officer-to-investigate-case/articleshow/103926286.cms,"https://static.toiimg.com/thumb/imgsize-88396,msid-103926278,width-80,resizemode-4/103926278.jpg",
"Laptop ban: New deadline, what changes from November and more",https://www.gadgetsnow.com/tech-news/laptop-ban-new-deadline-what-changes-from-november-and-more/articleshow/103917467.cms,"https://static.toiimg.com/thumb/imgsize-588190,msid-103917495,width-80,resizemode-4/103917495.jpg",
China’s ‘batwoman’ warns about another corona-type outbreak,https://timesofindia.indiatimes.com/world/china/highly-risky-chinas-batwoman-warns-about-another-coronavirus-type-outbreak/articleshow/103929295.cms,"https://static.toiimg.com/thumb/imgsize-797475,msid-103929371,width-80,resizemode-4/103929371.jpg",
From 700-plus in 2017 to 250 in 2023: Why 450 companies exited from the global smartphone market,https://www.gadgetsnow.com/tech-news/from-700-plus-in-2017-to-250-in-2023-what-led-to-the-exit-of-450-companies-from-the-global-smartphone-market/articleshow/103921634.cms,"https://static.toiimg.com/thumb/imgsize-19914,msid-103922046,width-80,resizemode-4/103922046.jpg",
Not cruelty if wife sells property sans hubby nod: HC,https://timesofindia.indiatimes.com/city/kolkata/not-cruelty-if-wife-sells-property-sans-hubby-nod/articleshow/103916795.cms,"https://static.toiimg.com/thumb/imgsize-1719342,msid-103917060,width-80,resizemode-4/103917060.jpg",
Crackdown against PFI: ED raids multiple locations in Kerala,https://timesofindia.indiatimes.com/city/kochi/crackdown-against-pfi-ed-raids-multiple-locations-in-kerala/articleshow/103923114.cms,"https://static.toiimg.com/thumb/imgsize-25696,msid-103923094,width-80,resizemode-4/103923094.jpg",
Pratyusha Banerjee suicide case: Rahul Raj Singh says he is ready to face the trial,https://timesofindia.indiatimes.com/tv/news/hindi/pratyusha-banerjee-suicide-case-rahul-raj-singh-says-he-is-ready-to-face-the-trial-and-the-actresss-father-is-certain-that-truth-will-prevail/articleshow/103920615.cms,"https://static.toiimg.com/thumb/imgsize-62606,msid-103920646,width-80,resizemode-4/103920646.jpg",
How Tamil Nadu can fly high on wind power,https://timesofindia.indiatimes.com/city/chennai/how-tn-can-fly-high-on-wind-power/articleshow/103921731.cms,"https://static.toiimg.com/thumb/imgsize-1104726,msid-103921999,width-80,resizemode-4/103921999.jpg",
Priyanka gives Parineeti-Raghav marriage tips,https://timesofindia.indiatimes.com/entertainment/hindi/bollywood/news/priyanka-chopra-gives-newlyweds-parineeti-chopra-and-raghav-chadha-marriage-tips-protect-this-beautiful-love/articleshow/103928338.cms,"https://static.toiimg.com/thumb/imgsize-58258,msid-103928544,width-400,resizemode-4/103928544.jpg",
Questioning Pari for mangalsutra is negativity,https://timesofindia.indiatimes.com/entertainment/hindi/bollywood/news/etimes-troll-slayer-questioning-newlywed-parineeti-chopra-about-mangalsutra-and-sindoor-is-horrible-negativity/articleshow/103929076.cms,"https://static.toiimg.com/thumb/imgsize-68662,msid-103929093,width-200,resizemode-4/103929093.jpg",
FIRST PICS! Parineeti-Raghav look resplendent,https://timesofindia.indiatimes.com/entertainment/hindi/bollywood/news/first-pics-parineeti-chopra-and-raghav-chadha-look-resplendent-as-a-married-couple/articleshow/103909780.cms,"https://static.toiimg.com/thumb/imgsize-64916,msid-103927765,width-200,resizemode-4/103927765.jpg",
Celebs at CM Shinde's Ganpati Darshan,https://timesofindia.indiatimes.com/entertainment/hindi/web-stories/shah-rukh-khan-to-salman-khan-bollywood-celebs-at-cm-shindes-ganpati-darshan/photostory/103926779.cms,"https://static.toiimg.com/thumb/imgsize-75362,msid-103927062,width-200,resizemode-4/103927062.jpg",
Shaheer: I haven’t been approached for Yeh Rishta...,https://timesofindia.indiatimes.com/tv/news/hindi/shaheer-sheikh-i-havent-been-approached-for-yeh-rishta-kya-kehlata-hai/articleshow/103929176.cms,"https://static.toiimg.com/thumb/imgsize-50574,msid-103929353,width-200,resizemode-4/103929353.jpg",
Amy Jackson lashes out at trolls for mocking her transformation and calling it 'ugly'; says 'The moment a woman does it...',https://timesofindia.indiatimes.com/videos/etimes/bollywood/amy-jackson-lashes-out-at-trolls-for-mocking-her-transformation-and-calling-it-ugly-says-the-moment-a-woman-does-it-/videoshow/103928344.cms,"https://static.toiimg.com/thumb/imgsize-76756,msid-103928344,width-600,resizemode-4/103928344.jpg",
Amy Jackson lashes out at trolls for mocking her transformation and calling it 'ugly'; says 'The moment a woman does it...',https://timesofindia.indiatimes.com/videos/etimes/bollywood/amy-jackson-lashes-out-at-trolls-for-mocking-her-transformation-and-calling-it-ugly-says-the-moment-a-woman-does-it-/videoshow/103928344.cms,"https://static.toiimg.com/thumb/imgsize-76756,msid-103928344,width-200,resizemode-4/103928344.jpg",
UP: Man dies by suicide in BJP MLA's flat in Lucknow,https://timesofindia.indiatimes.com/city/lucknow/man-dies-by-suicide-in-bjp-mlas-flat-in-lucknow-after-argument-with-girlfriend/articleshow/103928557.cms,"https://static.toiimg.com/thumb/imgsize-72796,msid-103928832,width-600,resizemode-4/103928832.jpg",
"Congress will make Madhya Pradesh 'bimaaru', if voted to power, says PM Modi",https://timesofindia.indiatimes.com/videos/news/congress-will-make-madhya-pradesh-bimaaru-if-voted-to-power-says-pm-modi/videoshow/103927906.cms,"https://static.toiimg.com/thumb/imgsize-50238,msid-103927906,width-600,resizemode-4/103927906.jpg",
"Congress will make Madhya Pradesh 'bimaaru', if voted to power, says PM Modi",https://timesofindia.indiatimes.com/videos/news/congress-will-make-madhya-pradesh-bimaaru-if-voted-to-power-says-pm-modi/videoshow/103927906.cms,"https://static.toiimg.com/thumb/imgsize-50238,msid-103927906,width-200,resizemode-4/103927906.jpg",
Asian Games Live: Women's cricket team wins India's second gold,https://timesofindia.indiatimes.com/sports/asian-games-2023/live-updates-of-asian-games-2023-day-2-shooting-wushu-artistic-gymnastics-tennis-judo-swimming-rowing-cricket-boxing-basketball-chess/liveblog/103916023.cms,"https://static.toiimg.com/thumb/imgsize-74262,msid-103916023,width-600,resizemode-4/103916023.jpg",
Tecno Phantom V Flip 5G vs Oppo Find N2 Flip: Flip phones compared,https://timesofindia.indiatimes.com/gadgets-news/tecno-phantom-v-flip-5g-vs-oppo-find-n2-flip-flip-phones-compared/photostory/103929170.cms,"https://static.toiimg.com/thumb/imgsize-26456,msid-103929205,width-600,resizemode-4/103929205.jpg",
Tata Communications joins Air France–KLM’s sustainable aviation fuel programme,https://timesofindia.indiatimes.com/business/india-business/tata-communications-joins-air-franceklms-sustainable-aviation-fuel-programme/articleshow/103930119.cms,"https://static.toiimg.com/thumb/imgsize-60596,msid-103930301,width-600,resizemode-4/103930301.jpg",
Russia 'closely monitoring' tense situation in Kosovo: Kremlin,https://timesofindia.indiatimes.com/world/europe/russia-closely-monitoring-tense-situation-in-kosovo-kremlin/articleshow/103930347.cms,"https://static.toiimg.com/thumb/imgsize-708471,msid-103930489,width-600,resizemode-4/103930489.jpg",
Didn't Qualify CTET 2023? Here's What You Can Do,https://timesofindia.indiatimes.com/education/web-stories/didnt-qualify-ctet-2023-heres-what-you-can-do/photostory/103928218.cms,"https://static.toiimg.com/thumb/imgsize-108214,msid-103928226,width-600,resizemode-4/103928226.jpg",
10 foods that are naturally low in cholesterol,https://recipes.timesofindia.com/web-stories/10-foods-that-are-naturally-low-in-cholesterol/photostory/103919773.cms,"https://static.toiimg.com/thumb/imgsize-121780,msid-103919781,width-600,resizemode-4/103919781.jpg",
"High cholesterol: Causes, symptoms and how it affects the body",https://timesofindia.indiatimes.com/life-style/health-fitness/health-news/high-cholesterol-causes-symptoms-and-how-it-affects-the-body/photostory/103926826.cms,"https://static.toiimg.com/thumb/imgsize-1736292,msid-103926857,width-600,resizemode-4/103926857.jpg",
"2024 Kia Sonet facelift spied with Seltos-inspired tail lights, alloy wheels and more",https://timesofindia.indiatimes.com/auto/cars/2024-kia-sonet-facelift-spied-with-seltos-inspired-tail-lights-alloy-wheels-and-more/articleshow/103926485.cms,"https://static.toiimg.com/thumb/imgsize-1156112,msid-103926665,width-600,resizemode-4/103926665.jpg",
Didn't Qualify CTET 2023? Here's What You Can Do,https://timesofindia.indiatimes.com/education/web-stories/didnt-qualify-ctet-2023-heres-what-you-can-do/photostory/103928218.cms,"https://static.toiimg.com/thumb/imgsize-108214,msid-103928226,width-600,resizemode-4/103928226.jpg",
How India won the rain-marred second ODI against Australia to seal series,https://timesofindia.indiatimes.com/sports/cricket/australia-in-india/how-india-won-the-rain-marred-second-odi-against-australia-to-seal-series/articleshow/103913258.cms,https://static.toiimg.com/photo/msid-25581306/25581306.jpg,sports/cricket
Putting 400 on the board gives you confidence: KL Rahul,https://timesofindia.indiatimes.com/sports/cricket/australia-in-india/kl-rahul-putting-400-on-the-board-gives-you-confidence/articleshow/103919577.cms,https://static.toiimg.com/photo/msid-25581306/25581306.jpg,sports/cricket
I was eagerly waiting to come back and perform for the team: Shreyas Iyer,https://timesofindia.indiatimes.com/sports/cricket/australia-in-india/shreyas-iyer-it-was-one-of-my-finest-innings-especially-coming-out-of-an-injury-i-was-eagerly-waiting-to-come-back-and-perform-for-the-team/articleshow/103918967.cms,https://static.toiimg.com/photo/msid-25581306/25581306.jpg,sports/cricket
"Ahead of WC, Shreyas Iyer plays a crucial knock",https://timesofindia.indiatimes.com/sports/cricket/australia-in-india/ind-vs-aus-ahead-of-world-cup-shreyas-iyer-plays-a-crucial-knock/articleshow/103920240.cms,https://static.toiimg.com/photo/msid-25581306/25581306.jpg,sports/cricket
Ravichandran Ashwin breaks Anil Kumble's record in ODIs,https://timesofindia.indiatimes.com/sports/cricket/australia-in-india/ravichandran-ashwin-breaks-anil-kumbles-record-in-odis/articleshow/103913182.cms,https://static.toiimg.com/photo/msid-25581306/25581306.jpg,sports/cricket
"2nd ODI: Gill creates record with 6th century, Iyer smashes 3rd hundred",https://timesofindia.indiatimes.com/sports/cricket/australia-in-india/2nd-odi-shubman-gill-creates-record-with-6th-century-shreyas-iyer-smashes-3rd-hundred/articleshow/103909295.cms,https://static.toiimg.com/photo/msid-25581306/25581306.jpg,sports/cricket
'It is not easy...': Suryakumar praises Shami's performance in Mohali,https://timesofindia.indiatimes.com/sports/cricket/australia-in-india/it-is-not-easy-suryakumar-yadav-praises-mohammed-shamis-performance-in-mohali-odi/articleshow/103892778.cms,https://static.toiimg.com/photo/msid-25581306/25581306.jpg,sports/cricket
'Big difference': KL Rahul on opening and batting in middle-order,https://timesofindia.indiatimes.com/sports/cricket/australia-in-india/big-difference-kl-rahul-on-opening-and-batting-in-middle-order/articleshow/103892159.cms,https://static.toiimg.com/photo/msid-25581306/25581306.jpg,sports/cricket
Punjab: Indian Cricket fans elated after Men in Blue defeat Australia by 5 wickets,https://timesofindia.indiatimes.com/videos/sports/cricket/punjab-indian-cricket-fans-elated-after-men-in-blue-defeats-australia-by-5-wickets/videoshow/103879355.cms,https://static.toiimg.com/photo/msid-25581306/25581306.jpg,sports/cricket
Punjab: Indian Cricket fans elated after Men in Blue defeat Australia by 5 wickets,https://timesofindia.indiatimes.com/videos/sports/cricket/punjab-indian-cricket-fans-elated-after-men-in-blue-defeats-australia-by-5-wickets/videoshow/103879355.cms,https://static.toiimg.com/photo/msid-25581306/25581306.jpg,sports/cricket
Asia Cup 2023 Final: Full list of records that are broken as India thrash Sri Lanka to win 8th Asia Cup Title,https://timesofindia.indiatimes.com/videos/sports/cricket/asia-cup-2023-final-full-list-of-records-that-are-broken-as-india-thrash-sri-lanka-to-win-8th-asia-cup-title/videoshow/103764960.cms,https://static.toiimg.com/photo/msid-25581306/25581306.jpg,sports/cricket
“Bharat Mata ki Jai”: Fans in Colombo excited as Team India lifts Asia Cup 2023,https://timesofindia.indiatimes.com/videos/sports/cricket/bharat-mata-ki-jai-fans-in-colombo-excited-as-team-india-lifts-asia-cup-2023/videoshow/103745392.cms,https://static.toiimg.com/photo/msid-25581306/25581306.jpg,sports/cricket
The three-way battle for ODI supremacy: India vs Pakistan vs Australia,https://timesofindia.indiatimes.com/videos/sports/cricket/the-three-way-battle-for-odi-supremacy-india-vs-pakistan-vs-australia/videoshow/103665334.cms,https://static.toiimg.com/photo/msid-25581306/25581306.jpg,sports/cricket
"India vs Sri Lanka: Who is Dunith Wellalage, the 20-year-old Sri Lankan who won the man of the match award",https://timesofindia.indiatimes.com/videos/sports/cricket/india-vs-sri-lanka-who-is-dunith-wellalage-the-20-year-old-sri-lankan-who-won-the-man-of-the-match-award/videoshow/103633467.cms,https://static.toiimg.com/photo/msid-25581306/25581306.jpg,sports/cricket
Fans in Colombo celebrate India’s win against Sri Lanka in Asia Cup,https://timesofindia.indiatimes.com/videos/sports/cricket/fans-in-colombo-celebrate-indias-win-against-sri-lanka-in-asia-cup/videoshow/103621079.cms,https://static.toiimg.com/photo/msid-25581306/25581306.jpg,sports/cricket
Sri Lanka's Hasaranga likely to miss World Cup due to injury,https://timesofindia.indiatimes.com/sports/cricket/icc-world-cup/wanindu-hasarangas-icc-world-cup-participation-uncertain-due-to-hamstring-injury/articleshow/103924714.cms,https://static.toiimg.com/photo/msid-25581306/25581306.jpg,sports/cricket
Anrich Nortje and Sisanda Magala ruled out of ICC World Cup,https://timesofindia.indiatimes.com/sports/cricket/icc-world-cup/anrich-nortje-and-sisanda-magala-ruled-out-of-icc-world-cup-replacements-added-to-the-squad/articleshow/103832123.cms,https://static.toiimg.com/photo/msid-25581306/25581306.jpg,sports/cricket
World Cup: Food delivery boy to bowl in nets for the Netherlands,https://timesofindia.indiatimes.com/sports/cricket/icc-world-cup/icc-odi-world-cup-food-delivery-boy-to-bowl-in-nets-for-dutch/articleshow/103823376.cms,https://static.toiimg.com/photo/msid-25581306/25581306.jpg,sports/cricket
Bangladesh hire ex-India spinner as consultant for World Cup,https://timesofindia.indiatimes.com/sports/cricket/icc-world-cup/bangladesh-hire-former-india-spinner-as-technical-consultant-for-odi-world-cup/articleshow/103838796.cms,https://static.toiimg.com/photo/msid-25581306/25581306.jpg,sports/cricket
"Team India's ODI World Cup jersey unveiled, watch viral video",https://timesofindia.indiatimes.com/sports/cricket/icc-world-cup/3ka-dream-hai-apna-team-indias-odi-world-cup-2023-jersey-unveiled-watch-viral-video/articleshow/103816649.cms,https://static.toiimg.com/photo/msid-25581306/25581306.jpg,sports/cricket
"Ahead of WC, Shreyas Iyer plays a crucial knock",https://timesofindia.indiatimes.com/sports/cricket/australia-in-india/ind-vs-aus-ahead-of-world-cup-shreyas-iyer-plays-a-crucial-knock/articleshow/103920240.cms,"https://static.toiimg.com/thumb/imgsize-46128,msid-103920227,width-600,resizemode-4/103920227.jpg",sports/cricket
Punjab: Indian Cricket fans elated after Men in Blue defeat Australia by 5 wickets,https://timesofindia.indiatimes.com/videos/sports/cricket/punjab-indian-cricket-fans-elated-after-men-in-blue-defeats-australia-by-5-wickets/videoshow/103879355.cms,"https://static.toiimg.com/thumb/imgsize-938063,msid-103879355,width-600,resizemode-4/103879355.jpg",sports/cricket
Punjab: Indian Cricket fans elated after Men in Blue defeat Australia by 5 wickets,https://timesofindia.indiatimes.com/videos/sports/cricket/punjab-indian-cricket-fans-elated-after-men-in-blue-defeats-australia-by-5-wickets/videoshow/103879355.cms,"https://static.toiimg.com/thumb/imgsize-938063,msid-103879355,width-200,resizemode-4/103879355.jpg",sports/cricket
Sri Lanka's Hasaranga likely to miss World Cup due to injury,https://timesofindia.indiatimes.com/sports/cricket/icc-world-cup/wanindu-hasarangas-icc-world-cup-participation-uncertain-due-to-hamstring-injury/articleshow/103924714.cms,"https://static.toiimg.com/thumb/imgsize-45510,msid-103925002,width-600,resizemode-4/103925002.jpg",sports/cricket
